usuario,genero,edad,region,trabajo,musica,tarde_libre,vacaciones,mobilidad_reducida,ruta,longitud_ruta,sector,valoracion
0,mujer,adulto,north america,trabajador,clasica,sofa,aventura,no,8,2900,"[bienestar, gastronomia, natura]",2
1,mujer,adulto,europe,jubilado,reggeaton,playa,aventura,no,10,3400,"[natura, gastronomia, comercio_local]",4
2,hombre,joven,europe,nada,clasica,montaña,cultura,no,9,2100,"[oci, gastronomia]",1
3,prefiero_no_decirlo,adulto,asia,estudiante,pop,sofa,ocio,no,15,500,"[cultura, gastronomia]",4
4,mujer,adulto,europe,trabajador,pop,playa,ocio,no,13,6000,"[cultura, gastronomia, comercio_local]",2
5,hombre,adulto,europe,estudiante,pop,sofa,aventura,no,6,3300,"[deporte, gastronomia]",2
6,hombre,joven,europe,estudiante,pop,playa,ocio,no,3,8200,"[natura, gastronomia, bienestar]",1
7,mujer,adulto,europe,trabajador,reggeaton,sofa,ocio,no,1,4100,"[cultura, gastronomia]",3
8,mujer,adulto,africa,estudiante,clasica,bar,cultura,no,6,3300,"[deporte, gastronomia]",1
9,hombre,adulto,oceania,trabajador,clasica,montaña,ocio,no,1,4100,"[cultura, gastronomia]",4
10,mujer,adulto,europe,trabajador,reggeaton,playa,aventura,si,11,5000,"[deporte, gastronomia, oci]",1
11,mujer,niño,europe,estudiante,techno,playa,ocio,no,15,500,"[cultura, gastronomia]",3
12,mujer,joven,asia,estudiante,heavy_metal,sofa,cultura,no,0,5920,"[cultura, gastronomia, natura, oci]",4
13,prefiero_no_decirlo,adulto,africa,trabajador,reggeaton,sofa,cultura,no,6,3300,"[deporte, gastronomia]",2
14,hombre,niño,europe,estudiante,reggeaton,playa,ocio,no,15,500,"[cultura, gastronomia]",2
15,hombre,adulto,africa,trabajador,heavy_metal,montaña,ocio,si,13,6000,"[cultura, gastronomia, comercio_local]",4
16,hombre,adulto,north america,estudiante,pop,bar,aventura,no,0,5920,"[cultura, gastronomia, natura, oci]",3
17,hombre,joven,europe,estudiante,rap,sofa,aventura,no,8,2900,"[bienestar, gastronomia, natura]",1
18,mujer,niño,europe,estudiante,reggeaton,playa,ocio,no,14,5700,"[cultura, gastronomia, comercio_local]",3
19,hombre,adulto,europe,trabajador,pop,bar,ocio,no,14,5700,"[cultura, gastronomia, comercio_local]",5
20,hombre,joven,north america,estudiante,reggeaton,montaña,ocio,no,9,2100,"[oci, gastronomia]",1
21,hombre,joven,europe,estudiante,reggeaton,sofa,ocio,no,12,2100,"[cultura, educacion]",4
22,hombre,joven,oceania,estudiante,pop,bar,aventura,no,8,2900,"[bienestar, gastronomia, natura]",1
23,hombre,adulto,asia,jubilado,reggeaton,sofa,ocio,no,14,5700,"[cultura, gastronomia, comercio_local]",2
24,mujer,adulto,africa,trabajador,clasica,bar,cultura,no,13,6000,"[cultura, gastronomia, comercio_local]",1
25,hombre,adulto,europe,jubilado,techno,montaña,aventura,no,3,8200,"[natura, gastronomia, bienestar]",5
26,hombre,adulto,south america,jubilado,clasica,playa,ocio,no,1,4100,"[cultura, gastronomia]",1
27,hombre,joven,europe,estudiante,reggeaton,playa,ocio,no,8,2900,"[bienestar, gastronomia, natura]",3
28,mujer,niño,europe,estudiante,rap,sofa,cultura,no,14,5700,"[cultura, gastronomia, comercio_local]",1
29,mujer,adulto,north america,trabajador,techno,montaña,aventura,si,5,3900,"[comercio_local, gastronomia]",3
30,mujer,adulto,europe,trabajador,reggeaton,playa,cultura,si,0,5920,"[cultura, gastronomia, natura, oci]",1
31,hombre,joven,europe,trabajador,reggeaton,sofa,aventura,no,6,3300,"[deporte, gastronomia]",2
32,mujer,joven,europe,trabajador,pop,montaña,aventura,no,15,500,"[cultura, gastronomia]",1
33,hombre,joven,europe,estudiante,reggeaton,playa,aventura,no,4,3400,"[natura, gastronomia, bienestar]",4
34,mujer,adulto,europe,trabajador,techno,playa,ocio,no,6,3300,"[deporte, gastronomia]",2
35,prefiero_no_decirlo,niño,oceania,estudiante,techno,playa,aventura,no,10,3400,"[natura, gastronomia, comercio_local]",5
36,mujer,adulto,europe,trabajador,pop,bar,cultura,no,2,5200,"[oci, gastronomia, natura, comercio_local]",4
37,mujer,joven,south america,nada,techno,playa,ocio,si,0,5920,"[cultura, gastronomia, natura, oci]",2
38,mujer,joven,europe,trabajador,pop,playa,ocio,no,4,3400,"[natura, gastronomia, bienestar]",2
39,mujer,joven,asia,nada,techno,montaña,ocio,no,9,2100,"[oci, gastronomia]",3
40,prefiero_no_decirlo,adulto,europe,trabajador,reggeaton,playa,ocio,no,2,5200,"[oci, gastronomia, natura, comercio_local]",4
41,hombre,adulto,africa,nada,clasica,bar,cultura,no,0,5920,"[cultura, gastronomia, natura, oci]",5
42,prefiero_no_decirlo,joven,africa,estudiante,heavy_metal,bar,cultura,no,16,6500,"[educacion, cultura, gastronomia, natura, bienestar]",3
43,mujer,adulto,south america,trabajador,reggeaton,playa,cultura,no,3,8200,"[natura, gastronomia, bienestar]",4
44,mujer,adulto,oceania,jubilado,clasica,sofa,aventura,no,4,3400,"[natura, gastronomia, bienestar]",5
45,mujer,adulto,north america,jubilado,clasica,sofa,aventura,no,0,5920,"[cultura, gastronomia, natura, oci]",2
46,hombre,adulto,north america,trabajador,techno,sofa,aventura,no,2,5200,"[oci, gastronomia, natura, comercio_local]",3
47,hombre,joven,asia,trabajador,techno,sofa,ocio,no,12,2100,"[cultura, educacion]",2
48,mujer,adulto,europe,trabajador,techno,playa,cultura,no,3,8200,"[natura, gastronomia, bienestar]",4
49,hombre,adulto,asia,trabajador,techno,sofa,cultura,no,3,8200,"[natura, gastronomia, bienestar]",4
50,mujer,adulto,north america,trabajador,clasica,bar,cultura,no,0,5920,"[cultura, gastronomia, natura, oci]",2
51,hombre,adulto,north america,trabajador,pop,playa,ocio,no,3,8200,"[natura, gastronomia, bienestar]",3
52,prefiero_no_decirlo,adulto,europe,trabajador,pop,playa,aventura,si,15,500,"[cultura, gastronomia]",5
53,hombre,adulto,europe,nada,clasica,sofa,aventura,no,5,3900,"[comercio_local, gastronomia]",5
54,prefiero_no_decirlo,adulto,oceania,jubilado,heavy_metal,sofa,aventura,no,7,2600,"[educacion, gastronomia]",2
55,hombre,adulto,europe,trabajador,reggeaton,bar,ocio,no,13,6000,"[cultura, gastronomia, comercio_local]",3
56,hombre,niño,africa,estudiante,pop,montaña,ocio,no,0,5920,"[cultura, gastronomia, natura, oci]",4
57,hombre,adulto,asia,jubilado,rap,sofa,aventura,no,10,3400,"[natura, gastronomia, comercio_local]",2
58,hombre,joven,north america,trabajador,clasica,sofa,aventura,no,14,5700,"[cultura, gastronomia, comercio_local]",1
59,hombre,adulto,south america,jubilado,pop,bar,cultura,si,16,6500,"[educacion, cultura, gastronomia, natura, bienestar]",2
60,mujer,adulto,europe,trabajador,clasica,playa,ocio,si,1,4100,"[cultura, gastronomia]",4
61,hombre,adulto,north america,trabajador,heavy_metal,playa,cultura,si,6,3300,"[deporte, gastronomia]",4
62,hombre,adulto,south america,trabajador,heavy_metal,montaña,ocio,si,12,2100,"[cultura, educacion]",1
63,mujer,joven,south america,trabajador,techno,bar,aventura,no,2,5200,"[oci, gastronomia, natura, comercio_local]",1
64,mujer,niño,europe,estudiante,clasica,playa,ocio,no,8,2900,"[bienestar, gastronomia, natura]",3
65,mujer,adulto,south america,nada,clasica,bar,aventura,no,5,3900,"[comercio_local, gastronomia]",5
66,mujer,adulto,south america,trabajador,pop,sofa,cultura,no,13,6000,"[cultura, gastronomia, comercio_local]",5
67,hombre,adulto,oceania,trabajador,clasica,playa,aventura,no,4,3400,"[natura, gastronomia, bienestar]",5
68,mujer,adulto,asia,jubilado,techno,sofa,aventura,no,5,3900,"[comercio_local, gastronomia]",3
69,mujer,adulto,asia,nada,clasica,playa,ocio,no,8,2900,"[bienestar, gastronomia, natura]",3
70,hombre,joven,north america,estudiante,heavy_metal,playa,cultura,si,10,3400,"[natura, gastronomia, comercio_local]",5
71,mujer,adulto,europe,nada,clasica,playa,ocio,no,12,2100,"[cultura, educacion]",1
72,hombre,joven,asia,trabajador,techno,sofa,cultura,no,3,8200,"[natura, gastronomia, bienestar]",2
73,prefiero_no_decirlo,adulto,europe,trabajador,rap,playa,ocio,no,13,6000,"[cultura, gastronomia, comercio_local]",3
74,mujer,adulto,africa,trabajador,pop,sofa,aventura,no,1,4100,"[cultura, gastronomia]",5
75,mujer,adulto,europe,trabajador,clasica,sofa,cultura,no,7,2600,"[educacion, gastronomia]",1
76,prefiero_no_decirlo,adulto,south america,estudiante,reggeaton,sofa,cultura,no,3,8200,"[natura, gastronomia, bienestar]",1
77,hombre,adulto,europe,trabajador,techno,montaña,ocio,no,15,500,"[cultura, gastronomia]",1
78,mujer,adulto,europe,trabajador,clasica,montaña,ocio,si,4,3400,"[natura, gastronomia, bienestar]",4
79,hombre,adulto,europe,jubilado,reggeaton,montaña,aventura,no,8,2900,"[bienestar, gastronomia, natura]",3
80,hombre,joven,asia,estudiante,rap,bar,ocio,no,4,3400,"[natura, gastronomia, bienestar]",4
81,mujer,joven,africa,estudiante,heavy_metal,montaña,aventura,no,6,3300,"[deporte, gastronomia]",3
82,mujer,adulto,europe,jubilado,pop,montaña,ocio,no,14,5700,"[cultura, gastronomia, comercio_local]",4
83,mujer,adulto,north america,trabajador,rap,bar,aventura,no,3,8200,"[natura, gastronomia, bienestar]",1
84,mujer,adulto,asia,jubilado,pop,sofa,ocio,no,8,2900,"[bienestar, gastronomia, natura]",1
85,mujer,adulto,oceania,trabajador,heavy_metal,bar,aventura,si,10,3400,"[natura, gastronomia, comercio_local]",4
86,hombre,adulto,europe,estudiante,heavy_metal,sofa,aventura,no,9,2100,"[oci, gastronomia]",5
87,mujer,adulto,oceania,jubilado,heavy_metal,montaña,aventura,no,10,3400,"[natura, gastronomia, comercio_local]",2
88,mujer,joven,europe,estudiante,pop,bar,ocio,no,14,5700,"[cultura, gastronomia, comercio_local]",5
89,hombre,niño,oceania,estudiante,techno,montaña,aventura,no,7,2600,"[educacion, gastronomia]",1
90,mujer,adulto,europe,jubilado,clasica,montaña,cultura,si,12,2100,"[cultura, educacion]",3
91,hombre,adulto,europe,trabajador,techno,montaña,ocio,si,16,6500,"[educacion, cultura, gastronomia, natura, bienestar]",1
92,hombre,adulto,south america,trabajador,pop,bar,cultura,si,5,3900,"[comercio_local, gastronomia]",5
93,mujer,adulto,north america,trabajador,clasica,playa,aventura,no,8,2900,"[bienestar, gastronomia, natura]",4
94,hombre,adulto,europe,trabajador,clasica,playa,aventura,no,11,5000,"[deporte, gastronomia, oci]",5
95,mujer,niño,europe,estudiante,techno,montaña,cultura,no,6,3300,"[deporte, gastronomia]",3
96,hombre,adulto,asia,nada,heavy_metal,bar,cultura,no,2,5200,"[oci, gastronomia, natura, comercio_local]",3
97,mujer,joven,europe,estudiante,reggeaton,playa,aventura,si,15,500,"[cultura, gastronomia]",5
98,hombre,adulto,africa,jubilado,heavy_metal,playa,ocio,no,6,3300,"[deporte, gastronomia]",1
99,mujer,adulto,europe,estudiante,clasica,playa,ocio,no,3,8200,"[natura, gastronomia, bienestar]",4
100,hombre,adulto,europe,trabajador,clasica,montaña,ocio,no,9,2100,"[oci, gastronomia]",1
101,mujer,adulto,asia,trabajador,clasica,montaña,ocio,si,10,3400,"[natura, gastronomia, comercio_local]",4
102,hombre,joven,north america,estudiante,techno,sofa,cultura,no,11,5000,"[deporte, gastronomia, oci]",4
103,hombre,joven,europe,estudiante,techno,bar,aventura,no,13,6000,"[cultura, gastronomia, comercio_local]",3
104,mujer,adulto,asia,jubilado,pop,playa,ocio,no,8,2900,"[bienestar, gastronomia, natura]",1
105,mujer,joven,asia,trabajador,reggeaton,bar,cultura,no,13,6000,"[cultura, gastronomia, comercio_local]",3
106,hombre,adulto,africa,trabajador,clasica,montaña,cultura,no,0,5920,"[cultura, gastronomia, natura, oci]",3
107,mujer,joven,europe,nada,reggeaton,bar,ocio,no,5,3900,"[comercio_local, gastronomia]",2
108,mujer,adulto,asia,trabajador,clasica,playa,ocio,no,14,5700,"[cultura, gastronomia, comercio_local]",1
109,mujer,joven,europe,estudiante,reggeaton,playa,ocio,no,0,5920,"[cultura, gastronomia, natura, oci]",3
110,mujer,adulto,europe,trabajador,heavy_metal,sofa,ocio,no,12,2100,"[cultura, educacion]",3
111,hombre,adulto,europe,jubilado,techno,bar,cultura,no,0,5920,"[cultura, gastronomia, natura, oci]",2
112,hombre,adulto,europe,estudiante,clasica,montaña,ocio,no,13,6000,"[cultura, gastronomia, comercio_local]",5
113,hombre,joven,europe,estudiante,heavy_metal,sofa,ocio,no,9,2100,"[oci, gastronomia]",4
114,hombre,niño,europe,estudiante,heavy_metal,sofa,ocio,no,11,5000,"[deporte, gastronomia, oci]",3
115,hombre,adulto,europe,trabajador,heavy_metal,sofa,ocio,no,9,2100,"[oci, gastronomia]",2
116,mujer,joven,north america,estudiante,pop,playa,ocio,no,13,6000,"[cultura, gastronomia, comercio_local]",5
117,hombre,adulto,asia,trabajador,heavy_metal,playa,aventura,no,8,2900,"[bienestar, gastronomia, natura]",2
118,mujer,adulto,europe,trabajador,clasica,bar,ocio,no,15,500,"[cultura, gastronomia]",1
119,mujer,adulto,europe,jubilado,pop,playa,aventura,no,7,2600,"[educacion, gastronomia]",2
120,mujer,niño,europe,estudiante,reggeaton,playa,cultura,no,9,2100,"[oci, gastronomia]",5
121,hombre,adulto,europe,jubilado,rap,montaña,cultura,no,3,8200,"[natura, gastronomia, bienestar]",5
122,mujer,adulto,europe,trabajador,clasica,sofa,aventura,si,1,4100,"[cultura, gastronomia]",5
123,mujer,adulto,south america,nada,clasica,bar,ocio,no,10,3400,"[natura, gastronomia, comercio_local]",2
124,hombre,adulto,africa,trabajador,reggeaton,playa,cultura,no,10,3400,"[natura, gastronomia, comercio_local]",2
125,mujer,adulto,europe,jubilado,pop,sofa,ocio,no,16,6500,"[educacion, cultura, gastronomia, natura, bienestar]",5
126,prefiero_no_decirlo,joven,europe,estudiante,pop,montaña,aventura,no,6,3300,"[deporte, gastronomia]",1
127,hombre,joven,north america,estudiante,rap,montaña,aventura,no,1,4100,"[cultura, gastronomia]",4
128,mujer,adulto,oceania,trabajador,pop,montaña,cultura,no,2,5200,"[oci, gastronomia, natura, comercio_local]",5
129,hombre,adulto,asia,trabajador,pop,bar,ocio,no,4,3400,"[natura, gastronomia, bienestar]",2
130,hombre,adulto,europe,jubilado,heavy_metal,montaña,aventura,no,4,3400,"[natura, gastronomia, bienestar]",1
131,mujer,adulto,europe,jubilado,pop,sofa,aventura,no,9,2100,"[oci, gastronomia]",3
132,hombre,adulto,europe,jubilado,clasica,playa,cultura,no,16,6500,"[educacion, cultura, gastronomia, natura, bienestar]",2
133,hombre,adulto,north america,trabajador,pop,montaña,aventura,no,3,8200,"[natura, gastronomia, bienestar]",4
134,prefiero_no_decirlo,joven,europe,estudiante,pop,sofa,cultura,no,15,500,"[cultura, gastronomia]",4
135,mujer,adulto,europe,trabajador,clasica,sofa,cultura,no,14,5700,"[cultura, gastronomia, comercio_local]",2
136,mujer,adulto,europe,nada,reggeaton,sofa,ocio,no,15,500,"[cultura, gastronomia]",2
137,mujer,adulto,europe,trabajador,clasica,montaña,aventura,no,3,8200,"[natura, gastronomia, bienestar]",5
138,hombre,adulto,europe,trabajador,heavy_metal,montaña,ocio,no,5,3900,"[comercio_local, gastronomia]",5
139,mujer,joven,europe,estudiante,techno,montaña,cultura,no,11,5000,"[deporte, gastronomia, oci]",3
140,hombre,adulto,europe,trabajador,techno,playa,aventura,si,8,2900,"[bienestar, gastronomia, natura]",1
141,mujer,adulto,europe,trabajador,techno,playa,cultura,no,8,2900,"[bienestar, gastronomia, natura]",1
142,mujer,joven,oceania,estudiante,pop,playa,cultura,no,3,8200,"[natura, gastronomia, bienestar]",5
143,mujer,niño,oceania,estudiante,pop,sofa,cultura,no,3,8200,"[natura, gastronomia, bienestar]",1
144,hombre,adulto,asia,nada,clasica,playa,aventura,no,2,5200,"[oci, gastronomia, natura, comercio_local]",5
145,hombre,adulto,europe,nada,heavy_metal,montaña,cultura,no,14,5700,"[cultura, gastronomia, comercio_local]",2
146,hombre,adulto,europe,jubilado,clasica,playa,cultura,no,5,3900,"[comercio_local, gastronomia]",5
147,mujer,adulto,europe,trabajador,clasica,bar,cultura,si,7,2600,"[educacion, gastronomia]",3
148,mujer,adulto,north america,trabajador,pop,bar,aventura,no,11,5000,"[deporte, gastronomia, oci]",5
149,hombre,niño,europe,estudiante,reggeaton,playa,aventura,no,9,2100,"[oci, gastronomia]",1
150,hombre,adulto,europe,trabajador,techno,montaña,ocio,si,4,3400,"[natura, gastronomia, bienestar]",1
151,hombre,adulto,europe,trabajador,techno,sofa,cultura,si,6,3300,"[deporte, gastronomia]",3
152,hombre,joven,europe,nada,reggeaton,bar,ocio,no,15,500,"[cultura, gastronomia]",5
153,hombre,adulto,europe,trabajador,heavy_metal,playa,cultura,no,5,3900,"[comercio_local, gastronomia]",5
154,mujer,adulto,europe,estudiante,rap,sofa,ocio,no,3,8200,"[natura, gastronomia, bienestar]",4
155,hombre,adulto,europe,jubilado,clasica,sofa,cultura,si,9,2100,"[oci, gastronomia]",1
156,mujer,adulto,europe,jubilado,clasica,montaña,ocio,si,8,2900,"[bienestar, gastronomia, natura]",2
157,mujer,adulto,europe,trabajador,pop,playa,cultura,no,4,3400,"[natura, gastronomia, bienestar]",3
158,mujer,joven,south america,estudiante,pop,bar,aventura,no,7,2600,"[educacion, gastronomia]",4
159,mujer,joven,north america,estudiante,pop,sofa,aventura,no,9,2100,"[oci, gastronomia]",2
160,mujer,niño,europe,estudiante,rap,playa,cultura,no,9,2100,"[oci, gastronomia]",1
161,hombre,joven,europe,trabajador,reggeaton,bar,ocio,no,8,2900,"[bienestar, gastronomia, natura]",4
162,mujer,joven,africa,estudiante,heavy_metal,montaña,ocio,no,15,500,"[cultura, gastronomia]",3
163,mujer,adulto,europe,jubilado,pop,playa,aventura,si,10,3400,"[natura, gastronomia, comercio_local]",1
164,mujer,adulto,europe,jubilado,clasica,sofa,ocio,no,3,8200,"[natura, gastronomia, bienestar]",5
165,mujer,adulto,europe,trabajador,clasica,playa,ocio,no,8,2900,"[bienestar, gastronomia, natura]",5
166,hombre,joven,south america,estudiante,heavy_metal,sofa,ocio,no,6,3300,"[deporte, gastronomia]",1
167,mujer,joven,europe,nada,clasica,sofa,aventura,no,9,2100,"[oci, gastronomia]",2
168,hombre,adulto,europe,trabajador,heavy_metal,sofa,cultura,no,4,3400,"[natura, gastronomia, bienestar]",2
169,mujer,adulto,asia,trabajador,clasica,montaña,ocio,no,8,2900,"[bienestar, gastronomia, natura]",4
170,mujer,adulto,south america,trabajador,pop,montaña,aventura,si,12,2100,"[cultura, educacion]",2
171,hombre,adulto,south america,trabajador,techno,bar,cultura,no,1,4100,"[cultura, gastronomia]",1
172,hombre,adulto,europe,trabajador,rap,bar,cultura,no,11,5000,"[deporte, gastronomia, oci]",3
173,hombre,adulto,north america,trabajador,pop,bar,aventura,no,6,3300,"[deporte, gastronomia]",4
174,hombre,adulto,europe,trabajador,pop,sofa,ocio,no,2,5200,"[oci, gastronomia, natura, comercio_local]",5
175,prefiero_no_decirlo,niño,europe,estudiante,reggeaton,sofa,aventura,no,3,8200,"[natura, gastronomia, bienestar]",1
176,mujer,joven,africa,trabajador,pop,sofa,cultura,no,10,3400,"[natura, gastronomia, comercio_local]",1
177,hombre,joven,north america,trabajador,clasica,playa,ocio,no,7,2600,"[educacion, gastronomia]",1
178,hombre,adulto,asia,jubilado,heavy_metal,sofa,cultura,no,14,5700,"[cultura, gastronomia, comercio_local]",4
179,mujer,adulto,africa,nada,pop,bar,cultura,no,6,3300,"[deporte, gastronomia]",4
180,hombre,adulto,asia,trabajador,heavy_metal,playa,cultura,si,7,2600,"[educacion, gastronomia]",4
181,hombre,joven,europe,estudiante,reggeaton,playa,cultura,no,3,8200,"[natura, gastronomia, bienestar]",5
182,mujer,adulto,oceania,nada,rap,montaña,aventura,si,13,6000,"[cultura, gastronomia, comercio_local]",3
183,mujer,joven,europe,estudiante,techno,sofa,cultura,no,11,5000,"[deporte, gastronomia, oci]",1
184,hombre,joven,asia,estudiante,reggeaton,playa,cultura,no,4,3400,"[natura, gastronomia, bienestar]",4
185,hombre,adulto,europe,trabajador,rap,playa,aventura,no,4,3400,"[natura, gastronomia, bienestar]",3
186,mujer,adulto,europe,trabajador,rap,sofa,ocio,si,14,5700,"[cultura, gastronomia, comercio_local]",3
187,mujer,adulto,europe,trabajador,techno,bar,aventura,si,3,8200,"[natura, gastronomia, bienestar]",5
188,prefiero_no_decirlo,niño,europe,estudiante,reggeaton,playa,aventura,no,6,3300,"[deporte, gastronomia]",3
189,mujer,adulto,europe,trabajador,clasica,sofa,cultura,no,11,5000,"[deporte, gastronomia, oci]",5
190,mujer,niño,north america,estudiante,pop,playa,cultura,no,12,2100,"[cultura, educacion]",1
191,mujer,adulto,south america,trabajador,pop,bar,cultura,no,15,500,"[cultura, gastronomia]",1
192,hombre,adulto,europe,trabajador,pop,montaña,aventura,no,2,5200,"[oci, gastronomia, natura, comercio_local]",2
193,hombre,adulto,south america,trabajador,heavy_metal,montaña,cultura,no,1,4100,"[cultura, gastronomia]",2
194,hombre,adulto,south america,trabajador,heavy_metal,sofa,aventura,no,10,3400,"[natura, gastronomia, comercio_local]",3
195,hombre,niño,asia,estudiante,rap,sofa,ocio,no,3,8200,"[natura, gastronomia, bienestar]",1
196,hombre,adulto,north america,nada,techno,playa,aventura,si,8,2900,"[bienestar, gastronomia, natura]",2
197,mujer,joven,north america,estudiante,reggeaton,sofa,aventura,no,3,8200,"[natura, gastronomia, bienestar]",3
198,mujer,adulto,europe,trabajador,clasica,sofa,ocio,no,11,5000,"[deporte, gastronomia, oci]",1
199,mujer,adulto,asia,trabajador,pop,montaña,ocio,no,3,8200,"[natura, gastronomia, bienestar]",4
200,mujer,adulto,asia,trabajador,pop,sofa,ocio,no,12,2100,"[cultura, educacion]",2
201,mujer,adulto,europe,trabajador,clasica,bar,cultura,no,9,2100,"[oci, gastronomia]",1
202,mujer,joven,europe,estudiante,pop,bar,aventura,no,0,5920,"[cultura, gastronomia, natura, oci]",4
203,hombre,adulto,europe,nada,techno,playa,cultura,no,11,5000,"[deporte, gastronomia, oci]",4
204,mujer,adulto,europe,trabajador,pop,montaña,cultura,no,16,6500,"[educacion, cultura, gastronomia, natura, bienestar]",2
205,hombre,adulto,europe,estudiante,clasica,montaña,ocio,no,16,6500,"[educacion, cultura, gastronomia, natura, bienestar]",1
206,mujer,joven,north america,estudiante,techno,playa,aventura,no,7,2600,"[educacion, gastronomia]",4
207,hombre,joven,africa,estudiante,techno,bar,aventura,no,5,3900,"[comercio_local, gastronomia]",3
208,mujer,adulto,europe,jubilado,clasica,playa,cultura,no,8,2900,"[bienestar, gastronomia, natura]",2
209,hombre,joven,europe,trabajador,pop,playa,aventura,no,12,2100,"[cultura, educacion]",5
210,hombre,adulto,europe,trabajador,clasica,sofa,aventura,no,2,5200,"[oci, gastronomia, natura, comercio_local]",1
211,hombre,joven,europe,nada,techno,bar,aventura,no,9,2100,"[oci, gastronomia]",5
212,mujer,adulto,north america,trabajador,techno,playa,cultura,si,8,2900,"[bienestar, gastronomia, natura]",5
213,hombre,adulto,africa,nada,rap,bar,ocio,no,1,4100,"[cultura, gastronomia]",3
214,mujer,adulto,asia,jubilado,clasica,bar,aventura,no,1,4100,"[cultura, gastronomia]",3
215,mujer,adulto,europe,trabajador,clasica,sofa,cultura,si,3,8200,"[natura, gastronomia, bienestar]",3
216,hombre,adulto,south america,trabajador,reggeaton,playa,ocio,si,2,5200,"[oci, gastronomia, natura, comercio_local]",1
217,mujer,joven,europe,trabajador,reggeaton,montaña,ocio,no,12,2100,"[cultura, educacion]",4
218,hombre,adulto,europe,jubilado,clasica,bar,aventura,no,6,3300,"[deporte, gastronomia]",4
219,mujer,joven,europe,estudiante,pop,bar,cultura,no,10,3400,"[natura, gastronomia, comercio_local]",2
220,mujer,joven,europe,estudiante,techno,montaña,cultura,no,10,3400,"[natura, gastronomia, comercio_local]",2
221,hombre,adulto,asia,trabajador,techno,montaña,aventura,no,1,4100,"[cultura, gastronomia]",5
222,hombre,joven,north america,estudiante,rap,bar,cultura,no,5,3900,"[comercio_local, gastronomia]",4
223,mujer,adulto,europe,trabajador,techno,playa,cultura,no,6,3300,"[deporte, gastronomia]",3
224,prefiero_no_decirlo,adulto,europe,trabajador,rap,sofa,cultura,no,11,5000,"[deporte, gastronomia, oci]",4
225,hombre,niño,europe,estudiante,techno,sofa,ocio,no,8,2900,"[bienestar, gastronomia, natura]",3
226,prefiero_no_decirlo,adulto,north america,jubilado,techno,bar,aventura,no,2,5200,"[oci, gastronomia, natura, comercio_local]",1
227,hombre,joven,asia,estudiante,rap,playa,ocio,no,5,3900,"[comercio_local, gastronomia]",1
228,mujer,joven,europe,nada,reggeaton,sofa,ocio,si,6,3300,"[deporte, gastronomia]",4
229,mujer,adulto,europe,jubilado,clasica,montaña,ocio,no,0,5920,"[cultura, gastronomia, natura, oci]",3
230,mujer,joven,europe,estudiante,pop,playa,ocio,no,16,6500,"[educacion, cultura, gastronomia, natura, bienestar]",5
231,hombre,adulto,asia,trabajador,heavy_metal,bar,cultura,no,6,3300,"[deporte, gastronomia]",3
232,mujer,adulto,europe,trabajador,techno,montaña,ocio,no,11,5000,"[deporte, gastronomia, oci]",1
233,hombre,adulto,europe,trabajador,clasica,bar,cultura,si,5,3900,"[comercio_local, gastronomia]",1
234,mujer,adulto,asia,trabajador,heavy_metal,montaña,ocio,no,13,6000,"[cultura, gastronomia, comercio_local]",2
235,mujer,adulto,asia,jubilado,techno,playa,ocio,no,12,2100,"[cultura, educacion]",1
236,mujer,niño,south america,estudiante,pop,montaña,aventura,no,15,500,"[cultura, gastronomia]",2
237,hombre,adulto,oceania,jubilado,reggeaton,montaña,ocio,no,0,5920,"[cultura, gastronomia, natura, oci]",2
238,mujer,adulto,north america,trabajador,pop,montaña,aventura,no,2,5200,"[oci, gastronomia, natura, comercio_local]",4
239,hombre,joven,europe,estudiante,pop,playa,aventura,no,9,2100,"[oci, gastronomia]",4
240,mujer,adulto,europe,trabajador,pop,bar,ocio,no,6,3300,"[deporte, gastronomia]",2
241,hombre,adulto,south america,nada,pop,sofa,cultura,no,7,2600,"[educacion, gastronomia]",1
242,mujer,adulto,north america,jubilado,clasica,montaña,ocio,no,16,6500,"[educacion, cultura, gastronomia, natura, bienestar]",3
243,mujer,adulto,europe,jubilado,rap,bar,aventura,si,3,8200,"[natura, gastronomia, bienestar]",3
244,hombre,joven,europe,trabajador,rap,bar,aventura,no,3,8200,"[natura, gastronomia, bienestar]",4
245,hombre,adulto,europe,estudiante,rap,montaña,aventura,no,13,6000,"[cultura, gastronomia, comercio_local]",2
246,hombre,joven,south america,trabajador,heavy_metal,sofa,aventura,no,1,4100,"[cultura, gastronomia]",2
247,mujer,adulto,europe,jubilado,pop,bar,ocio,no,16,6500,"[educacion, cultura, gastronomia, natura, bienestar]",4
248,hombre,adulto,south america,trabajador,rap,bar,cultura,no,1,4100,"[cultura, gastronomia]",4
249,mujer,niño,europe,estudiante,clasica,playa,aventura,no,7,2600,"[educacion, gastronomia]",1
250,mujer,adulto,south america,jubilado,heavy_metal,sofa,aventura,si,0,5920,"[cultura, gastronomia, natura, oci]",3
251,hombre,adulto,europe,jubilado,heavy_metal,sofa,cultura,no,13,6000,"[cultura, gastronomia, comercio_local]",5
252,mujer,adulto,europe,jubilado,pop,playa,cultura,no,13,6000,"[cultura, gastronomia, comercio_local]",3
253,hombre,joven,europe,estudiante,heavy_metal,sofa,cultura,no,9,2100,"[oci, gastronomia]",4
254,hombre,joven,europe,estudiante,reggeaton,bar,cultura,no,13,6000,"[cultura, gastronomia, comercio_local]",4
255,hombre,adulto,europe,trabajador,heavy_metal,bar,ocio,si,9,2100,"[oci, gastronomia]",5
256,mujer,adulto,north america,trabajador,clasica,playa,aventura,si,8,2900,"[bienestar, gastronomia, natura]",5
257,hombre,adulto,europe,trabajador,heavy_metal,montaña,ocio,si,2,5200,"[oci, gastronomia, natura, comercio_local]",1
258,mujer,adulto,africa,trabajador,pop,playa,ocio,no,7,2600,"[educacion, gastronomia]",3
259,mujer,joven,europe,estudiante,reggeaton,bar,aventura,no,7,2600,"[educacion, gastronomia]",4
260,hombre,adulto,europe,trabajador,rap,montaña,ocio,no,16,6500,"[educacion, cultura, gastronomia, natura, bienestar]",4
261,hombre,adulto,europe,jubilado,pop,bar,ocio,no,10,3400,"[natura, gastronomia, comercio_local]",2
262,hombre,adulto,europe,trabajador,heavy_metal,bar,aventura,no,0,5920,"[cultura, gastronomia, natura, oci]",5
263,mujer,adulto,north america,trabajador,heavy_metal,playa,aventura,no,0,5920,"[cultura, gastronomia, natura, oci]",1
264,hombre,adulto,europe,trabajador,clasica,montaña,cultura,no,12,2100,"[cultura, educacion]",1
265,prefiero_no_decirlo,adulto,europe,trabajador,rap,playa,aventura,no,10,3400,"[natura, gastronomia, comercio_local]",1
266,mujer,adulto,asia,trabajador,reggeaton,bar,cultura,no,9,2100,"[oci, gastronomia]",5
267,hombre,adulto,europe,jubilado,clasica,playa,aventura,no,11,5000,"[deporte, gastronomia, oci]",3
268,prefiero_no_decirlo,joven,south america,estudiante,reggeaton,sofa,ocio,no,10,3400,"[natura, gastronomia, comercio_local]",5
269,hombre,joven,europe,estudiante,techno,sofa,aventura,no,3,8200,"[natura, gastronomia, bienestar]",2
270,prefiero_no_decirlo,adulto,asia,nada,techno,playa,ocio,no,7,2600,"[educacion, gastronomia]",1
271,hombre,adulto,europe,trabajador,rap,playa,cultura,no,10,3400,"[natura, gastronomia, comercio_local]",2
272,hombre,joven,asia,estudiante,pop,sofa,cultura,no,3,8200,"[natura, gastronomia, bienestar]",2
273,hombre,niño,north america,estudiante,pop,playa,ocio,no,16,6500,"[educacion, cultura, gastronomia, natura, bienestar]",2
274,mujer,adulto,north america,nada,reggeaton,montaña,cultura,no,11,5000,"[deporte, gastronomia, oci]",3
275,hombre,joven,south america,trabajador,reggeaton,playa,aventura,no,5,3900,"[comercio_local, gastronomia]",5
276,prefiero_no_decirlo,adulto,europe,trabajador,pop,playa,ocio,no,13,6000,"[cultura, gastronomia, comercio_local]",3
277,mujer,adulto,asia,trabajador,rap,montaña,aventura,no,12,2100,"[cultura, educacion]",3
278,prefiero_no_decirlo,adulto,asia,trabajador,clasica,montaña,ocio,no,8,2900,"[bienestar, gastronomia, natura]",3
279,mujer,joven,europe,estudiante,reggeaton,bar,ocio,no,6,3300,"[deporte, gastronomia]",3
280,hombre,adulto,europe,jubilado,techno,playa,aventura,si,4,3400,"[natura, gastronomia, bienestar]",4
281,mujer,joven,asia,nada,reggeaton,sofa,aventura,no,8,2900,"[bienestar, gastronomia, natura]",1
282,hombre,adulto,asia,nada,techno,playa,aventura,no,4,3400,"[natura, gastronomia, bienestar]",1
283,hombre,adulto,europe,jubilado,pop,montaña,cultura,no,7,2600,"[educacion, gastronomia]",4
284,hombre,adulto,europe,trabajador,clasica,montaña,cultura,si,10,3400,"[natura, gastronomia, comercio_local]",2
285,hombre,adulto,europe,jubilado,reggeaton,sofa,ocio,no,10,3400,"[natura, gastronomia, comercio_local]",5
286,hombre,adulto,south america,jubilado,clasica,playa,cultura,si,8,2900,"[bienestar, gastronomia, natura]",1
287,mujer,adulto,europe,trabajador,clasica,bar,ocio,no,4,3400,"[natura, gastronomia, bienestar]",2
288,hombre,adulto,asia,trabajador,heavy_metal,playa,ocio,si,13,6000,"[cultura, gastronomia, comercio_local]",2
289,mujer,adulto,asia,trabajador,clasica,playa,cultura,si,12,2100,"[cultura, educacion]",4
290,mujer,adulto,asia,nada,pop,playa,ocio,no,12,2100,"[cultura, educacion]",5
291,hombre,adulto,europe,trabajador,rap,sofa,aventura,si,11,5000,"[deporte, gastronomia, oci]",1
292,mujer,joven,oceania,estudiante,reggeaton,montaña,cultura,no,2,5200,"[oci, gastronomia, natura, comercio_local]",5
293,hombre,adulto,africa,trabajador,heavy_metal,playa,ocio,no,12,2100,"[cultura, educacion]",3
294,hombre,joven,asia,estudiante,techno,sofa,ocio,no,14,5700,"[cultura, gastronomia, comercio_local]",4
295,prefiero_no_decirlo,adulto,europe,trabajador,reggeaton,playa,aventura,no,2,5200,"[oci, gastronomia, natura, comercio_local]",4
296,mujer,adulto,europe,trabajador,clasica,montaña,ocio,no,10,3400,"[natura, gastronomia, comercio_local]",5
297,mujer,adulto,europe,trabajador,clasica,bar,ocio,no,14,5700,"[cultura, gastronomia, comercio_local]",4
298,hombre,adulto,europe,trabajador,heavy_metal,bar,cultura,no,11,5000,"[deporte, gastronomia, oci]",3
299,mujer,adulto,europe,jubilado,clasica,sofa,cultura,no,11,5000,"[deporte, gastronomia, oci]",5
300,hombre,adulto,south america,trabajador,heavy_metal,montaña,aventura,no,14,5700,"[cultura, gastronomia, comercio_local]",4
301,hombre,adulto,africa,trabajador,clasica,playa,ocio,no,15,500,"[cultura, gastronomia]",3
302,hombre,adulto,europe,jubilado,clasica,sofa,cultura,si,2,5200,"[oci, gastronomia, natura, comercio_local]",4
303,hombre,niño,europe,estudiante,rap,sofa,ocio,no,14,5700,"[cultura, gastronomia, comercio_local]",2
304,hombre,adulto,south america,jubilado,heavy_metal,montaña,ocio,no,7,2600,"[educacion, gastronomia]",3
305,mujer,adulto,asia,jubilado,pop,sofa,ocio,no,9,2100,"[oci, gastronomia]",5
306,mujer,joven,europe,trabajador,rap,montaña,ocio,no,16,6500,"[educacion, cultura, gastronomia, natura, bienestar]",4
307,hombre,adulto,asia,nada,pop,bar,aventura,no,7,2600,"[educacion, gastronomia]",2
308,hombre,adulto,europe,trabajador,pop,sofa,cultura,no,4,3400,"[natura, gastronomia, bienestar]",4
309,hombre,adulto,asia,trabajador,pop,sofa,aventura,no,11,5000,"[deporte, gastronomia, oci]",3
310,hombre,adulto,europe,trabajador,heavy_metal,playa,cultura,si,0,5920,"[cultura, gastronomia, natura, oci]",1
311,hombre,adulto,south america,trabajador,heavy_metal,bar,ocio,no,10,3400,"[natura, gastronomia, comercio_local]",1
312,hombre,niño,asia,estudiante,rap,montaña,ocio,no,0,5920,"[cultura, gastronomia, natura, oci]",2
313,hombre,adulto,south america,trabajador,clasica,montaña,aventura,no,8,2900,"[bienestar, gastronomia, natura]",4
314,mujer,niño,europe,estudiante,rap,playa,aventura,no,9,2100,"[oci, gastronomia]",3
315,mujer,joven,south america,trabajador,pop,playa,ocio,no,4,3400,"[natura, gastronomia, bienestar]",4
316,mujer,joven,europe,trabajador,pop,montaña,cultura,no,10,3400,"[natura, gastronomia, comercio_local]",1
317,mujer,joven,europe,estudiante,pop,montaña,aventura,no,3,8200,"[natura, gastronomia, bienestar]",5
318,hombre,adulto,europe,trabajador,pop,montaña,ocio,no,16,6500,"[educacion, cultura, gastronomia, natura, bienestar]",4
319,mujer,adulto,asia,jubilado,pop,bar,ocio,no,5,3900,"[comercio_local, gastronomia]",1
320,mujer,joven,europe,estudiante,pop,bar,cultura,no,9,2100,"[oci, gastronomia]",2
321,mujer,adulto,europe,trabajador,pop,bar,cultura,no,3,8200,"[natura, gastronomia, bienestar]",4
322,hombre,adulto,europe,trabajador,techno,bar,cultura,no,5,3900,"[comercio_local, gastronomia]",5
323,hombre,adulto,north america,jubilado,clasica,bar,cultura,no,5,3900,"[comercio_local, gastronomia]",4
324,hombre,adulto,north america,trabajador,techno,playa,ocio,no,2,5200,"[oci, gastronomia, natura, comercio_local]",3
325,hombre,adulto,north america,trabajador,reggeaton,playa,aventura,no,0,5920,"[cultura, gastronomia, natura, oci]",3
326,hombre,joven,europe,estudiante,clasica,bar,cultura,no,6,3300,"[deporte, gastronomia]",2
327,hombre,joven,europe,estudiante,rap,montaña,cultura,no,9,2100,"[oci, gastronomia]",1
328,mujer,adulto,europe,trabajador,pop,playa,cultura,no,16,6500,"[educacion, cultura, gastronomia, natura, bienestar]",3
329,mujer,adulto,south america,trabajador,clasica,playa,cultura,no,6,3300,"[deporte, gastronomia]",5
330,hombre,joven,europe,trabajador,pop,montaña,cultura,no,15,500,"[cultura, gastronomia]",3
331,mujer,adulto,oceania,trabajador,techno,sofa,ocio,no,12,2100,"[cultura, educacion]",1
332,mujer,niño,asia,estudiante,reggeaton,sofa,aventura,no,13,6000,"[cultura, gastronomia, comercio_local]",3
333,prefiero_no_decirlo,niño,south america,estudiante,pop,playa,aventura,no,3,8200,"[natura, gastronomia, bienestar]",4
334,hombre,adulto,africa,jubilado,reggeaton,sofa,cultura,no,10,3400,"[natura, gastronomia, comercio_local]",2
335,prefiero_no_decirlo,adulto,asia,trabajador,rap,bar,ocio,no,1,4100,"[cultura, gastronomia]",4
336,mujer,adulto,south america,trabajador,techno,bar,ocio,no,16,6500,"[educacion, cultura, gastronomia, natura, bienestar]",2
337,prefiero_no_decirlo,adulto,south america,trabajador,pop,bar,cultura,no,8,2900,"[bienestar, gastronomia, natura]",3
338,mujer,adulto,europe,jubilado,heavy_metal,sofa,cultura,no,14,5700,"[cultura, gastronomia, comercio_local]",2
339,hombre,joven,europe,estudiante,pop,montaña,aventura,no,8,2900,"[bienestar, gastronomia, natura]",1
340,mujer,adulto,europe,trabajador,reggeaton,sofa,aventura,no,4,3400,"[natura, gastronomia, bienestar]",1
341,mujer,niño,europe,estudiante,pop,playa,ocio,no,3,8200,"[natura, gastronomia, bienestar]",3
342,prefiero_no_decirlo,joven,oceania,trabajador,techno,playa,ocio,no,12,2100,"[cultura, educacion]",3
343,mujer,joven,oceania,estudiante,reggeaton,montaña,aventura,no,4,3400,"[natura, gastronomia, bienestar]",3
344,prefiero_no_decirlo,adulto,north america,nada,rap,bar,ocio,no,16,6500,"[educacion, cultura, gastronomia, natura, bienestar]",1
345,hombre,adulto,oceania,trabajador,rap,montaña,aventura,no,9,2100,"[oci, gastronomia]",3
346,mujer,joven,north america,estudiante,reggeaton,bar,aventura,no,9,2100,"[oci, gastronomia]",4
347,mujer,niño,europe,estudiante,rap,sofa,aventura,no,15,500,"[cultura, gastronomia]",2
348,mujer,adulto,oceania,trabajador,pop,bar,ocio,no,10,3400,"[natura, gastronomia, comercio_local]",5
349,mujer,adulto,asia,trabajador,clasica,bar,aventura,no,2,5200,"[oci, gastronomia, natura, comercio_local]",1
350,hombre,joven,europe,estudiante,reggeaton,sofa,ocio,no,2,5200,"[oci, gastronomia, natura, comercio_local]",5
351,hombre,adulto,south america,nada,heavy_metal,playa,cultura,si,11,5000,"[deporte, gastronomia, oci]",3
352,mujer,adulto,europe,trabajador,techno,montaña,ocio,no,13,6000,"[cultura, gastronomia, comercio_local]",1
353,mujer,adulto,asia,nada,pop,bar,aventura,si,10,3400,"[natura, gastronomia, comercio_local]",1
354,mujer,joven,oceania,estudiante,pop,playa,cultura,no,15,500,"[cultura, gastronomia]",5
355,mujer,niño,europe,estudiante,techno,playa,ocio,no,16,6500,"[educacion, cultura, gastronomia, natura, bienestar]",2
356,mujer,adulto,europe,trabajador,pop,bar,aventura,si,3,8200,"[natura, gastronomia, bienestar]",4
357,hombre,niño,europe,estudiante,reggeaton,sofa,ocio,no,4,3400,"[natura, gastronomia, bienestar]",3
358,hombre,adulto,south america,nada,clasica,sofa,cultura,no,8,2900,"[bienestar, gastronomia, natura]",4
359,mujer,adulto,europe,jubilado,pop,montaña,cultura,si,12,2100,"[cultura, educacion]",2
360,prefiero_no_decirlo,joven,asia,estudiante,reggeaton,bar,aventura,no,12,2100,"[cultura, educacion]",2
361,mujer,adulto,europe,nada,clasica,montaña,cultura,si,8,2900,"[bienestar, gastronomia, natura]",2
362,hombre,adulto,north america,jubilado,heavy_metal,sofa,cultura,no,2,5200,"[oci, gastronomia, natura, comercio_local]",1
363,hombre,joven,asia,trabajador,reggeaton,bar,aventura,no,11,5000,"[deporte, gastronomia, oci]",3
364,hombre,adulto,europe,nada,pop,sofa,ocio,si,6,3300,"[deporte, gastronomia]",3
365,hombre,adulto,europe,trabajador,heavy_metal,bar,aventura,no,14,5700,"[cultura, gastronomia, comercio_local]",1
366,hombre,adulto,asia,estudiante,pop,bar,aventura,no,6,3300,"[deporte, gastronomia]",2
367,hombre,adulto,europe,trabajador,pop,playa,cultura,si,3,8200,"[natura, gastronomia, bienestar]",3
368,hombre,joven,europe,estudiante,heavy_metal,playa,cultura,si,16,6500,"[educacion, cultura, gastronomia, natura, bienestar]",1
369,prefiero_no_decirlo,niño,europe,estudiante,rap,playa,cultura,no,0,5920,"[cultura, gastronomia, natura, oci]",3
370,prefiero_no_decirlo,niño,south america,estudiante,techno,playa,cultura,no,12,2100,"[cultura, educacion]",5
371,hombre,joven,europe,estudiante,techno,playa,aventura,no,10,3400,"[natura, gastronomia, comercio_local]",2
372,hombre,niño,asia,estudiante,techno,montaña,aventura,no,14,5700,"[cultura, gastronomia, comercio_local]",4
373,mujer,adulto,europe,estudiante,techno,bar,ocio,no,9,2100,"[oci, gastronomia]",1
374,mujer,adulto,europe,jubilado,clasica,playa,cultura,no,13,6000,"[cultura, gastronomia, comercio_local]",3
375,hombre,adulto,north america,jubilado,pop,bar,aventura,no,7,2600,"[educacion, gastronomia]",5
376,prefiero_no_decirlo,joven,asia,estudiante,pop,bar,ocio,no,1,4100,"[cultura, gastronomia]",1
377,prefiero_no_decirlo,joven,south america,trabajador,rap,bar,cultura,no,6,3300,"[deporte, gastronomia]",2
378,hombre,adulto,africa,jubilado,techno,montaña,cultura,no,4,3400,"[natura, gastronomia, bienestar]",4
379,prefiero_no_decirlo,adulto,europe,trabajador,rap,montaña,ocio,no,14,5700,"[cultura, gastronomia, comercio_local]",1
380,mujer,joven,south america,estudiante,pop,playa,ocio,no,10,3400,"[natura, gastronomia, comercio_local]",3
381,mujer,adulto,south america,trabajador,pop,sofa,cultura,no,0,5920,"[cultura, gastronomia, natura, oci]",4
382,hombre,joven,europe,estudiante,reggeaton,sofa,cultura,no,6,3300,"[deporte, gastronomia]",3
383,hombre,niño,europe,estudiante,techno,sofa,cultura,no,16,6500,"[educacion, cultura, gastronomia, natura, bienestar]",4
384,mujer,joven,europe,estudiante,clasica,bar,ocio,no,6,3300,"[deporte, gastronomia]",2
385,hombre,adulto,south america,trabajador,techno,bar,ocio,no,16,6500,"[educacion, cultura, gastronomia, natura, bienestar]",2
386,mujer,adulto,europe,trabajador,pop,montaña,ocio,no,1,4100,"[cultura, gastronomia]",3
387,hombre,adulto,asia,trabajador,clasica,playa,aventura,si,12,2100,"[cultura, educacion]",2
388,mujer,adulto,europe,jubilado,clasica,bar,aventura,no,5,3900,"[comercio_local, gastronomia]",3
389,mujer,joven,europe,estudiante,pop,bar,ocio,no,1,4100,"[cultura, gastronomia]",5
390,hombre,joven,south america,estudiante,heavy_metal,bar,aventura,no,4,3400,"[natura, gastronomia, bienestar]",3
391,mujer,adulto,europe,trabajador,heavy_metal,bar,aventura,no,9,2100,"[oci, gastronomia]",1
392,mujer,adulto,europe,trabajador,clasica,montaña,cultura,no,14,5700,"[cultura, gastronomia, comercio_local]",2
393,mujer,adulto,asia,nada,clasica,playa,ocio,no,7,2600,"[educacion, gastronomia]",5
394,mujer,adulto,europe,trabajador,pop,bar,cultura,no,14,5700,"[cultura, gastronomia, comercio_local]",1
395,prefiero_no_decirlo,adulto,asia,jubilado,techno,playa,ocio,no,1,4100,"[cultura, gastronomia]",2
396,mujer,adulto,asia,jubilado,pop,montaña,ocio,no,2,5200,"[oci, gastronomia, natura, comercio_local]",2
397,hombre,adulto,europe,trabajador,clasica,montaña,cultura,no,1,4100,"[cultura, gastronomia]",4
398,mujer,adulto,europe,trabajador,pop,playa,ocio,no,11,5000,"[deporte, gastronomia, oci]",5
399,hombre,adulto,asia,trabajador,clasica,montaña,aventura,no,4,3400,"[natura, gastronomia, bienestar]",3
400,hombre,joven,north america,estudiante,heavy_metal,playa,ocio,no,10,3400,"[natura, gastronomia, comercio_local]",3
401,hombre,adulto,europe,jubilado,heavy_metal,montaña,aventura,no,12,2100,"[cultura, educacion]",1
402,mujer,adulto,europe,trabajador,pop,sofa,ocio,si,5,3900,"[comercio_local, gastronomia]",3
403,mujer,adulto,europe,trabajador,techno,playa,cultura,no,10,3400,"[natura, gastronomia, comercio_local]",2
404,mujer,joven,europe,estudiante,pop,bar,cultura,no,2,5200,"[oci, gastronomia, natura, comercio_local]",2
405,mujer,adulto,europe,nada,heavy_metal,sofa,aventura,no,13,6000,"[cultura, gastronomia, comercio_local]",3
406,hombre,niño,europe,estudiante,pop,playa,aventura,no,8,2900,"[bienestar, gastronomia, natura]",4
407,mujer,adulto,europe,estudiante,rap,playa,ocio,no,4,3400,"[natura, gastronomia, bienestar]",4
408,mujer,joven,europe,estudiante,reggeaton,montaña,cultura,no,9,2100,"[oci, gastronomia]",2
409,hombre,niño,europe,estudiante,rap,montaña,aventura,no,15,500,"[cultura, gastronomia]",2
410,hombre,joven,europe,trabajador,rap,montaña,cultura,no,12,2100,"[cultura, educacion]",4
411,mujer,adulto,asia,trabajador,reggeaton,sofa,cultura,no,1,4100,"[cultura, gastronomia]",5
412,mujer,adulto,europe,trabajador,clasica,montaña,aventura,no,15,500,"[cultura, gastronomia]",4
413,mujer,adulto,asia,jubilado,clasica,montaña,aventura,no,11,5000,"[deporte, gastronomia, oci]",5
414,mujer,niño,north america,estudiante,techno,playa,aventura,no,9,2100,"[oci, gastronomia]",4
415,hombre,adulto,europe,trabajador,techno,bar,cultura,no,7,2600,"[educacion, gastronomia]",2
416,mujer,adulto,asia,trabajador,reggeaton,montaña,aventura,no,16,6500,"[educacion, cultura, gastronomia, natura, bienestar]",2
417,mujer,adulto,africa,trabajador,pop,playa,aventura,no,6,3300,"[deporte, gastronomia]",1
418,hombre,adulto,north america,trabajador,pop,bar,ocio,no,12,2100,"[cultura, educacion]",1
419,hombre,adulto,europe,trabajador,heavy_metal,sofa,cultura,no,5,3900,"[comercio_local, gastronomia]",5
420,hombre,adulto,europe,trabajador,pop,montaña,cultura,no,14,5700,"[cultura, gastronomia, comercio_local]",5
421,hombre,joven,south america,estudiante,rap,playa,aventura,no,11,5000,"[deporte, gastronomia, oci]",3
422,hombre,adulto,north america,jubilado,heavy_metal,bar,cultura,no,10,3400,"[natura, gastronomia, comercio_local]",1
423,mujer,joven,europe,estudiante,pop,montaña,aventura,no,2,5200,"[oci, gastronomia, natura, comercio_local]",4
424,mujer,joven,europe,trabajador,pop,bar,aventura,no,1,4100,"[cultura, gastronomia]",5
425,hombre,adulto,europe,trabajador,pop,bar,cultura,no,8,2900,"[bienestar, gastronomia, natura]",3
426,hombre,adulto,asia,trabajador,heavy_metal,sofa,cultura,si,8,2900,"[bienestar, gastronomia, natura]",2
427,hombre,adulto,europe,trabajador,reggeaton,sofa,ocio,no,1,4100,"[cultura, gastronomia]",5
428,mujer,adulto,europe,trabajador,clasica,bar,ocio,no,5,3900,"[comercio_local, gastronomia]",1
429,mujer,joven,europe,trabajador,techno,playa,cultura,no,8,2900,"[bienestar, gastronomia, natura]",1
430,mujer,adulto,south america,trabajador,clasica,montaña,aventura,no,0,5920,"[cultura, gastronomia, natura, oci]",3
431,mujer,adulto,europe,trabajador,pop,montaña,cultura,no,15,500,"[cultura, gastronomia]",3
432,mujer,adulto,north america,trabajador,clasica,sofa,cultura,no,9,2100,"[oci, gastronomia]",3
433,hombre,adulto,africa,trabajador,heavy_metal,playa,ocio,no,7,2600,"[educacion, gastronomia]",5
434,hombre,niño,asia,estudiante,rap,sofa,cultura,no,16,6500,"[educacion, cultura, gastronomia, natura, bienestar]",3
435,prefiero_no_decirlo,adulto,europe,trabajador,pop,montaña,cultura,no,8,2900,"[bienestar, gastronomia, natura]",3
436,hombre,adulto,europe,estudiante,clasica,sofa,ocio,no,8,2900,"[bienestar, gastronomia, natura]",5
437,hombre,joven,europe,estudiante,reggeaton,montaña,cultura,no,6,3300,"[deporte, gastronomia]",3
438,hombre,adulto,europe,nada,clasica,playa,ocio,si,9,2100,"[oci, gastronomia]",1
439,prefiero_no_decirlo,joven,north america,estudiante,reggeaton,bar,cultura,no,12,2100,"[cultura, educacion]",1
440,mujer,adulto,europe,trabajador,pop,sofa,cultura,si,13,6000,"[cultura, gastronomia, comercio_local]",3
441,hombre,adulto,europe,trabajador,heavy_metal,playa,aventura,si,3,8200,"[natura, gastronomia, bienestar]",5
442,hombre,niño,south america,estudiante,heavy_metal,playa,aventura,no,12,2100,"[cultura, educacion]",1
443,hombre,adulto,europe,trabajador,clasica,montaña,ocio,no,16,6500,"[educacion, cultura, gastronomia, natura, bienestar]",5
444,hombre,adulto,south america,estudiante,pop,playa,aventura,no,9,2100,"[oci, gastronomia]",2
445,hombre,niño,africa,estudiante,rap,sofa,ocio,no,10,3400,"[natura, gastronomia, comercio_local]",5
446,mujer,niño,europe,estudiante,reggeaton,playa,aventura,no,14,5700,"[cultura, gastronomia, comercio_local]",1
447,mujer,niño,europe,estudiante,techno,playa,cultura,no,7,2600,"[educacion, gastronomia]",5
448,prefiero_no_decirlo,adulto,europe,trabajador,rap,bar,ocio,no,5,3900,"[comercio_local, gastronomia]",2
449,mujer,adulto,europe,estudiante,techno,playa,cultura,no,11,5000,"[deporte, gastronomia, oci]",5
450,mujer,adulto,europe,trabajador,techno,playa,ocio,no,10,3400,"[natura, gastronomia, comercio_local]",4
451,hombre,joven,europe,estudiante,reggeaton,montaña,aventura,no,0,5920,"[cultura, gastronomia, natura, oci]",4
452,hombre,joven,asia,estudiante,heavy_metal,sofa,aventura,no,9,2100,"[oci, gastronomia]",1
453,mujer,adulto,europe,trabajador,rap,montaña,aventura,no,0,5920,"[cultura, gastronomia, natura, oci]",2
454,mujer,adulto,europe,nada,clasica,montaña,ocio,si,4,3400,"[natura, gastronomia, bienestar]",5
455,mujer,adulto,south america,nada,pop,montaña,cultura,si,11,5000,"[deporte, gastronomia, oci]",2
456,hombre,adulto,europe,trabajador,clasica,playa,aventura,no,5,3900,"[comercio_local, gastronomia]",5
457,mujer,adulto,europe,estudiante,pop,sofa,ocio,no,14,5700,"[cultura, gastronomia, comercio_local]",5
458,mujer,adulto,south america,estudiante,techno,bar,cultura,no,12,2100,"[cultura, educacion]",3
459,hombre,adulto,asia,trabajador,techno,sofa,ocio,no,6,3300,"[deporte, gastronomia]",3
460,mujer,niño,asia,estudiante,pop,montaña,cultura,no,7,2600,"[educacion, gastronomia]",3
461,mujer,joven,europe,estudiante,rap,sofa,ocio,no,7,2600,"[educacion, gastronomia]",1
462,hombre,adulto,asia,jubilado,rap,montaña,ocio,no,2,5200,"[oci, gastronomia, natura, comercio_local]",4
463,hombre,joven,oceania,estudiante,reggeaton,montaña,ocio,no,13,6000,"[cultura, gastronomia, comercio_local]",1
464,mujer,joven,europe,estudiante,reggeaton,montaña,aventura,no,9,2100,"[oci, gastronomia]",1
465,prefiero_no_decirlo,adulto,asia,trabajador,reggeaton,montaña,ocio,no,4,3400,"[natura, gastronomia, bienestar]",4
466,hombre,adulto,south america,jubilado,heavy_metal,bar,aventura,no,7,2600,"[educacion, gastronomia]",4
467,hombre,adulto,europe,trabajador,clasica,bar,aventura,no,3,8200,"[natura, gastronomia, bienestar]",1
468,mujer,joven,asia,estudiante,pop,montaña,cultura,no,6,3300,"[deporte, gastronomia]",5
469,hombre,adulto,north america,nada,heavy_metal,sofa,ocio,no,15,500,"[cultura, gastronomia]",2
470,hombre,adulto,asia,trabajador,pop,sofa,cultura,si,16,6500,"[educacion, cultura, gastronomia, natura, bienestar]",2
471,hombre,adulto,europe,trabajador,clasica,playa,aventura,no,4,3400,"[natura, gastronomia, bienestar]",5
472,hombre,adulto,europe,trabajador,heavy_metal,montaña,aventura,no,4,3400,"[natura, gastronomia, bienestar]",3
473,hombre,adulto,north america,trabajador,rap,sofa,ocio,no,11,5000,"[deporte, gastronomia, oci]",5
474,hombre,joven,africa,nada,techno,playa,cultura,no,9,2100,"[oci, gastronomia]",3
475,hombre,joven,asia,nada,reggeaton,playa,cultura,no,1,4100,"[cultura, gastronomia]",2
476,mujer,niño,europe,estudiante,pop,montaña,aventura,no,0,5920,"[cultura, gastronomia, natura, oci]",1
477,mujer,joven,europe,estudiante,pop,sofa,aventura,no,10,3400,"[natura, gastronomia, comercio_local]",5
478,mujer,joven,north america,nada,pop,montaña,aventura,no,10,3400,"[natura, gastronomia, comercio_local]",2
479,hombre,adulto,oceania,trabajador,heavy_metal,montaña,cultura,si,10,3400,"[natura, gastronomia, comercio_local]",3
480,mujer,niño,europe,estudiante,reggeaton,sofa,cultura,no,7,2600,"[educacion, gastronomia]",5
481,mujer,niño,africa,estudiante,reggeaton,playa,ocio,no,14,5700,"[cultura, gastronomia, comercio_local]",2
482,mujer,joven,europe,nada,techno,montaña,ocio,no,6,3300,"[deporte, gastronomia]",3
483,prefiero_no_decirlo,adulto,europe,jubilado,reggeaton,bar,aventura,no,12,2100,"[cultura, educacion]",3
484,hombre,adulto,europe,trabajador,pop,bar,aventura,no,4,3400,"[natura, gastronomia, bienestar]",1
485,hombre,joven,south america,trabajador,rap,playa,ocio,no,7,2600,"[educacion, gastronomia]",3
486,mujer,adulto,europe,trabajador,clasica,bar,cultura,no,15,500,"[cultura, gastronomia]",2
487,mujer,adulto,europe,trabajador,clasica,sofa,cultura,no,6,3300,"[deporte, gastronomia]",1
488,mujer,adulto,asia,trabajador,reggeaton,montaña,aventura,no,13,6000,"[cultura, gastronomia, comercio_local]",5
489,prefiero_no_decirlo,adulto,europe,trabajador,techno,montaña,ocio,no,1,4100,"[cultura, gastronomia]",2
490,prefiero_no_decirlo,adulto,europe,trabajador,heavy_metal,bar,cultura,no,4,3400,"[natura, gastronomia, bienestar]",5
491,mujer,adulto,north america,trabajador,techno,playa,aventura,no,11,5000,"[deporte, gastronomia, oci]",3
492,mujer,joven,asia,estudiante,reggeaton,montaña,cultura,no,2,5200,"[oci, gastronomia, natura, comercio_local]",3
493,hombre,adulto,north america,trabajador,clasica,bar,ocio,si,7,2600,"[educacion, gastronomia]",2
494,mujer,niño,north america,estudiante,rap,playa,aventura,no,3,8200,"[natura, gastronomia, bienestar]",4
495,hombre,adulto,north america,trabajador,pop,montaña,ocio,no,16,6500,"[educacion, cultura, gastronomia, natura, bienestar]",3
496,hombre,adulto,asia,trabajador,techno,montaña,aventura,si,12,2100,"[cultura, educacion]",1
497,hombre,joven,europe,estudiante,techno,montaña,cultura,no,5,3900,"[comercio_local, gastronomia]",5
498,mujer,adulto,asia,trabajador,clasica,playa,cultura,si,2,5200,"[oci, gastronomia, natura, comercio_local]",1
499,mujer,joven,asia,estudiante,techno,playa,ocio,no,8,2900,"[bienestar, gastronomia, natura]",3
500,"0    mujer
Name: genero, dtype: object","0    joven
Name: edad, dtype: object","0    africa
Name: region, dtype: object","0    nada
Name: trabajo, dtype: object","0    rap
Name: musica, dtype: object","0    sofa
Name: tarde_libre, dtype: object","0    cultura
Name: vacaciones, dtype: object","0    no
Name: mobilidad_reducida, dtype: object",7,2600,"[educacion, gastronomia]",4
